,nombre,ironhacker,artista,id_lista,nombre_lista
0,Perra,1143571176,['Rigoberta Bandini'],5sB0ax3cmVacFjgkZMLPWx,Ironhack ğŸš€ğŸš€ğŸš€
1,Colectivo Nostalgia,1143571176,['La Maravillosa Orquesta del Alcohol'],5sB0ax3cmVacFjgkZMLPWx,Ironhack ğŸš€ğŸš€ğŸš€
2,CumpleaÃ±os Feliz,1143571176,['Parchis'],5sB0ax3cmVacFjgkZMLPWx,Ironhack ğŸš€ğŸš€ğŸš€
3,Que se joda el viento,valledelkas018,['Marea'],5sB0ax3cmVacFjgkZMLPWx,Ironhack ğŸš€ğŸš€ğŸš€
4,Gravity,edurriva,['John Mayer'],5sB0ax3cmVacFjgkZMLPWx,Ironhack ğŸš€ğŸš€ğŸš€
5,Emborracharme,1143571176,['Lori Meyers'],5sB0ax3cmVacFjgkZMLPWx,Ironhack ğŸš€ğŸš€ğŸš€
6,Jaleo,1143571176,['Sexy Zebras'],5sB0ax3cmVacFjgkZMLPWx,Ironhack ğŸš€ğŸš€ğŸš€
7,You Make My Dreams (Come True),edurriva,['Daryl Hall & John Oates'],5sB0ax3cmVacFjgkZMLPWx,Ironhack ğŸš€ğŸš€ğŸš€
8,Sesenta memorias perdidas,edurriva,['Love of Lesbian'],5sB0ax3cmVacFjgkZMLPWx,Ironhack ğŸš€ğŸš€ğŸš€
9,El aire de la calle,1143571176,['Los Delinquentes'],5sB0ax3cmVacFjgkZMLPWx,Ironhack ğŸš€ğŸš€ğŸš€
10,Veleros,edurriva,['Dorian'],5sB0ax3cmVacFjgkZMLPWx,Ironhack ğŸš€ğŸš€ğŸš€
11,La Travesia,perinat,['Juan Luis Guerra 4.40'],5sB0ax3cmVacFjgkZMLPWx,Ironhack ğŸš€ğŸš€ğŸš€
12,Segundo movimiento: Mierda de filosofÃ­a,perinat,['Robe'],5sB0ax3cmVacFjgkZMLPWx,Ironhack ğŸš€ğŸš€ğŸš€
13,Diez LÃºnulas,perinat,['Club del RÃ­o'],5sB0ax3cmVacFjgkZMLPWx,Ironhack ğŸš€ğŸš€ğŸš€
14,Sunshine Reggae,baccandres,['Laid Back'],5sB0ax3cmVacFjgkZMLPWx,Ironhack ğŸš€ğŸš€ğŸš€
15,School,perinat,['Supertramp'],5sB0ax3cmVacFjgkZMLPWx,Ironhack ğŸš€ğŸš€ğŸš€
16,Otra Forma,dmfqkg5al92aldkj9pygau9ke,"['JM', 'Neska', 'GiGi']",5sB0ax3cmVacFjgkZMLPWx,Ironhack ğŸš€ğŸš€ğŸš€
17,Shake It,dmfqkg5al92aldkj9pygau9ke,['INNDRIVE'],5sB0ax3cmVacFjgkZMLPWx,Ironhack ğŸš€ğŸš€ğŸš€
18,SaliÃ³ El Sol,dmfqkg5al92aldkj9pygau9ke,['Don Omar'],5sB0ax3cmVacFjgkZMLPWx,Ironhack ğŸš€ğŸš€ğŸš€
19,Trozos de Mi,dmfqkg5al92aldkj9pygau9ke,"['Sharif', 'Gordo del Funk', 'Accion Sanchez']",5sB0ax3cmVacFjgkZMLPWx,Ironhack ğŸš€ğŸš€ğŸš€
20,Molinos De Viento,valledelkas018,['MÃ¤go de Oz'],5sB0ax3cmVacFjgkZMLPWx,Ironhack ğŸš€ğŸš€ğŸš€
21,Bella come Roma,baccandres,['Viito'],5sB0ax3cmVacFjgkZMLPWx,Ironhack ğŸš€ğŸš€ğŸš€
22,Voce me Apareceu,baccandres,['Kaleidoscopio'],5sB0ax3cmVacFjgkZMLPWx,Ironhack ğŸš€ğŸš€ğŸš€
23,Parque AcuÃ¡tico,baccandres,['El Kuelgue'],5sB0ax3cmVacFjgkZMLPWx,Ironhack ğŸš€ğŸš€ğŸš€
24,Papaya,1155460259,['Yiuliusly'],5sB0ax3cmVacFjgkZMLPWx,Ironhack ğŸš€ğŸš€ğŸš€
25,"Ama, ama, ama y ensancha el alma",06uk7op5esy3r1syhomrkoisw,['Extremoduro'],5sB0ax3cmVacFjgkZMLPWx,Ironhack ğŸš€ğŸš€ğŸš€
26,Old Yellow Bricks,06uk7op5esy3r1syhomrkoisw,['Arctic Monkeys'],5sB0ax3cmVacFjgkZMLPWx,Ironhack ğŸš€ğŸš€ğŸš€
27,Alucinante - VersiÃ³n 2005,almahelguera,['Platero Y Tu'],5sB0ax3cmVacFjgkZMLPWx,Ironhack ğŸš€ğŸš€ğŸš€
28,Good Fortune,06uk7op5esy3r1syhomrkoisw,['PJ Harvey'],5sB0ax3cmVacFjgkZMLPWx,Ironhack ğŸš€ğŸš€ğŸš€
29,Crucify - 2015 Remaster,06uk7op5esy3r1syhomrkoisw,['Tori Amos'],5sB0ax3cmVacFjgkZMLPWx,Ironhack ğŸš€ğŸš€ğŸš€
30,Demasiao Tarde,11145453392,['C. Tangana'],5sB0ax3cmVacFjgkZMLPWx,Ironhack ğŸš€ğŸš€ğŸš€
31,PersiguiÃ©ndonos,11145453392,['C. Tangana'],5sB0ax3cmVacFjgkZMLPWx,Ironhack ğŸš€ğŸš€ğŸš€
32,Los Tontos,11145453392,"['C. Tangana', 'Kiko Veneno']",5sB0ax3cmVacFjgkZMLPWx,Ironhack ğŸš€ğŸš€ğŸš€
33,Los Chikos de Madriz,11145453392,['C. Tangana'],5sB0ax3cmVacFjgkZMLPWx,Ironhack ğŸš€ğŸš€ğŸš€
34,TentaciÃ³n,11145453392,"['Agorazein', 'C. Tangana', 'Sticky M.A.']",5sB0ax3cmVacFjgkZMLPWx,Ironhack ğŸš€ğŸš€ğŸš€
35,Burbujas De Amor,11152374629,['Juan Luis Guerra 4.40'],5sB0ax3cmVacFjgkZMLPWx,Ironhack ğŸš€ğŸš€ğŸš€
36,Don't Stop Believin',almahelguera,['Journey'],5sB0ax3cmVacFjgkZMLPWx,Ironhack ğŸš€ğŸš€ğŸš€
37,No No No,11152374629,['Beirut'],5sB0ax3cmVacFjgkZMLPWx,Ironhack ğŸš€ğŸš€ğŸš€
38,De MÃºsica Ligera,11152374629,['Soda Stereo'],5sB0ax3cmVacFjgkZMLPWx,Ironhack ğŸš€ğŸš€ğŸš€
39,"Sultans Of Swing - Live At Hammersmith Odeon, London/1983",almahelguera,['Dire Straits'],5sB0ax3cmVacFjgkZMLPWx,Ironhack ğŸš€ğŸš€ğŸš€
40,"Highway Star - Live In Osaka, Japan / 16th August 1972 / Original 1972 Mix",valledelkas018,"['Deep Purple', 'Martin Pullan']",5sB0ax3cmVacFjgkZMLPWx,Ironhack ğŸš€ğŸš€ğŸš€
41,"Strange Kind Of Woman - Live In Osaka, Japan / 16th August 1972 / Original 1972 Mix",valledelkas018,"['Deep Purple', 'Martin Pullan']",5sB0ax3cmVacFjgkZMLPWx,Ironhack ğŸš€ğŸš€ğŸš€
42,While My Guitar Gently Weeps - Remastered 2009,valledelkas018,['The Beatles'],5sB0ax3cmVacFjgkZMLPWx,Ironhack ğŸš€ğŸš€ğŸš€
43,Back In The U.S.S.R. - Remastered 2009,valledelkas018,['The Beatles'],5sB0ax3cmVacFjgkZMLPWx,Ironhack ğŸš€ğŸš€ğŸš€
44,Ghetto Gospel,valledelkas018,['2Pac'],5sB0ax3cmVacFjgkZMLPWx,Ironhack ğŸš€ğŸš€ğŸš€
45,Changes,valledelkas018,"['2Pac', 'Talent']",5sB0ax3cmVacFjgkZMLPWx,Ironhack ğŸš€ğŸš€ğŸš€
46,I Can,valledelkas018,['Nas'],5sB0ax3cmVacFjgkZMLPWx,Ironhack ğŸš€ğŸš€ğŸš€
47,L.A. Woman - New Stereo Mix,valledelkas018,['The Doors'],5sB0ax3cmVacFjgkZMLPWx,Ironhack ğŸš€ğŸš€ğŸš€
48,Kashmir - Remaster,valledelkas018,['Led Zeppelin'],5sB0ax3cmVacFjgkZMLPWx,Ironhack ğŸš€ğŸš€ğŸš€
49,Kyle (I Found You),edurriva,['Fred again..'],5sB0ax3cmVacFjgkZMLPWx,Ironhack ğŸš€ğŸš€ğŸš€
50,Exoplaneta,edurriva,['Arde BogotÃ¡'],5sB0ax3cmVacFjgkZMLPWx,Ironhack ğŸš€ğŸš€ğŸš€
51,Sunday Rainy Days,edurriva,['Lost Children'],5sB0ax3cmVacFjgkZMLPWx,Ironhack ğŸš€ğŸš€ğŸš€
52,"Yes Sir, I Can Boogie",edurriva,['Baccara'],5sB0ax3cmVacFjgkZMLPWx,Ironhack ğŸš€ğŸš€ğŸš€
53,Desaparece,edurriva,['El Canto Del Loco'],5sB0ax3cmVacFjgkZMLPWx,Ironhack ğŸš€ğŸš€ğŸš€
54,A ver quÃ© pasa - Estrella Damm 2021,1155460259,['Rigoberta Bandini'],5sB0ax3cmVacFjgkZMLPWx,Ironhack ğŸš€ğŸš€ğŸš€
55,Siempre que quiera,06uk7op5esy3r1syhomrkoisw,['Muchachito Bombo Infierno'],5sB0ax3cmVacFjgkZMLPWx,Ironhack ğŸš€ğŸš€ğŸš€
56,What's Love Got to Do with It,edurriva,"['Kygo', 'Tina Turner']",5sB0ax3cmVacFjgkZMLPWx,Ironhack ğŸš€ğŸš€ğŸš€
57,Scatman (ski-ba-bop-ba-dop-bop),perinat,['Scatman John'],5sB0ax3cmVacFjgkZMLPWx,Ironhack ğŸš€ğŸš€ğŸš€
58,Cuerda Auxiliar,edurriva,['Besmaya'],5sB0ax3cmVacFjgkZMLPWx,Ironhack ğŸš€ğŸš€ğŸš€
59,La Pared,edurriva,['Cupido'],5sB0ax3cmVacFjgkZMLPWx,Ironhack ğŸš€ğŸš€ğŸš€
60,Good Morning,perinat,['Kanye West'],5sB0ax3cmVacFjgkZMLPWx,Ironhack ğŸš€ğŸš€ğŸš€
61,Gimme Hope Jo'anna,06uk7op5esy3r1syhomrkoisw,['Eddy Grant'],5sB0ax3cmVacFjgkZMLPWx,Ironhack ğŸš€ğŸš€ğŸš€
62,High,1155460259,['Lighthouse Family'],5sB0ax3cmVacFjgkZMLPWx,Ironhack ğŸš€ğŸš€ğŸš€
63,The Bird Is the Word,1155460259,['The Ruffled Feathers'],5sB0ax3cmVacFjgkZMLPWx,Ironhack ğŸš€ğŸš€ğŸš€
64,One Way Or Another,06uk7op5esy3r1syhomrkoisw,['Blondie'],5sB0ax3cmVacFjgkZMLPWx,Ironhack ğŸš€ğŸš€ğŸš€
65,Pikete Espacial,tgr39393,"['Cecilio G.', 'Limabeatz']",5sB0ax3cmVacFjgkZMLPWx,Ironhack ğŸš€ğŸš€ğŸš€
66,"L-Gante: Bzrp Music Sessions, Vol.38",tgr39393,"['Bizarrap', 'L-Gante']",5sB0ax3cmVacFjgkZMLPWx,Ironhack ğŸš€ğŸš€ğŸš€
67,Adhana,tgr39393,"['Vini Vici', 'Astrix']",5sB0ax3cmVacFjgkZMLPWx,Ironhack ğŸš€ğŸš€ğŸš€
68,Fuentes de Ortiz,tgr39393,['Ed Maverick'],5sB0ax3cmVacFjgkZMLPWx,Ironhack ğŸš€ğŸš€ğŸš€
69,Tengo 26,tgr39393,['AndrÃ©s SuÃ¡rez'],5sB0ax3cmVacFjgkZMLPWx,Ironhack ğŸš€ğŸš€ğŸš€
70,Bailando Con el Viento - Feat. Mikel Izal,tgr39393,"['ALIS', 'IZAL']",5sB0ax3cmVacFjgkZMLPWx,Ironhack ğŸš€ğŸš€ğŸš€
71,Cold (feat. Future),tgr39393,"['Maroon 5', 'Future']",5sB0ax3cmVacFjgkZMLPWx,Ironhack ğŸš€ğŸš€ğŸš€
72,Kikiki (feat. Yay),tgr39393,"['Kidd Keo', 'Yay']",5sB0ax3cmVacFjgkZMLPWx,Ironhack ğŸš€ğŸš€ğŸš€
73,XO,tgr39393,['EDEN'],5sB0ax3cmVacFjgkZMLPWx,Ironhack ğŸš€ğŸš€ğŸš€
74,Veneno,tgr39393,"['Delaossa', 'KIDDO', 'J.Moods']",5sB0ax3cmVacFjgkZMLPWx,Ironhack ğŸš€ğŸš€ğŸš€
75,404,tgr39393,"['Zetazen', 'Recycled J']",5sB0ax3cmVacFjgkZMLPWx,Ironhack ğŸš€ğŸš€ğŸš€
76,Do It,soyungalgo,"['Rufus T. Firefly', 'Jero Romero', 'Carlos Pinto']",5sB0ax3cmVacFjgkZMLPWx,Ironhack ğŸš€ğŸš€ğŸš€
77,Todo Lo Que Importa,soyungalgo,"['ELYELLA', 'Viva Suecia']",5sB0ax3cmVacFjgkZMLPWx,Ironhack ğŸš€ğŸš€ğŸš€
78,La grieta (feat. Chancha Via Circuito),soyungalgo,"['Fuel Fandango', 'Chancha Via Circuito']",5sB0ax3cmVacFjgkZMLPWx,Ironhack ğŸš€ğŸš€ğŸš€
79,"Adelante, Bonaparte (I) - I. Algunos Recuerdos Significativos de B.",soyungalgo,['Standstill'],5sB0ax3cmVacFjgkZMLPWx,Ironhack ğŸš€ğŸš€ğŸš€
80,QuiÃ©nes somos realmente,soyungalgo,['Full'],5sB0ax3cmVacFjgkZMLPWx,Ironhack ğŸš€ğŸš€ğŸš€
81,Fucked Up,soyungalgo,['The Low Flying Panic Attack'],5sB0ax3cmVacFjgkZMLPWx,Ironhack ğŸš€ğŸš€ğŸš€
82,maÃ±aneo,soyungalgo,"['trashi', 'Pedro LaDroga', 'InnerCut']",5sB0ax3cmVacFjgkZMLPWx,Ironhack ğŸš€ğŸš€ğŸš€
83,Nebulosa Jade,soyungalgo,['Rufus T. Firefly'],5sB0ax3cmVacFjgkZMLPWx,Ironhack ğŸš€ğŸš€ğŸš€
84,No te das cuenta,soyungalgo,['Calavera'],5sB0ax3cmVacFjgkZMLPWx,Ironhack ğŸš€ğŸš€ğŸš€
85,1996,soyungalgo,"['InnerCut', 'Juancho MarquÃ©s', 'Pedro LaDroga']",5sB0ax3cmVacFjgkZMLPWx,Ironhack ğŸš€ğŸš€ğŸš€
86,LisiÌstrata,soyungalgo,['Gata Cattana'],5sB0ax3cmVacFjgkZMLPWx,Ironhack ğŸš€ğŸš€ğŸš€
87,The Sun,elliot.esposito,['Myd'],5sB0ax3cmVacFjgkZMLPWx,Ironhack ğŸš€ğŸš€ğŸš€
88,Californication,elliot.esposito,['Red Hot Chili Peppers'],5sB0ax3cmVacFjgkZMLPWx,Ironhack ğŸš€ğŸš€ğŸš€
89,Space Oddity - 2015 Remaster,elliot.esposito,['David Bowie'],5sB0ax3cmVacFjgkZMLPWx,Ironhack ğŸš€ğŸš€ğŸš€
90,Liquid Spirit - Claptone Remix,elliot.esposito,"['Gregory Porter', 'Claptone']",5sB0ax3cmVacFjgkZMLPWx,Ironhack ğŸš€ğŸš€ğŸš€
91,Call Me - Remastered,elliot.esposito,['Blondie'],5sB0ax3cmVacFjgkZMLPWx,Ironhack ğŸš€ğŸš€ğŸš€
92,"Another Brick in the Wall, Pt. 2",elliot.esposito,['Pink Floyd'],5sB0ax3cmVacFjgkZMLPWx,Ironhack ğŸš€ğŸš€ğŸš€
93,Vente Negra,elliot.esposito,['Calle Vapor'],5sB0ax3cmVacFjgkZMLPWx,Ironhack ğŸš€ğŸš€ğŸš€
94,Fly Me To The Moon (In Other Words),elliot.esposito,"['Frank Sinatra', 'Count Basie']",5sB0ax3cmVacFjgkZMLPWx,Ironhack ğŸš€ğŸš€ğŸš€
95,The Chain,elliot.esposito,['Fleetwood Mac'],5sB0ax3cmVacFjgkZMLPWx,Ironhack ğŸš€ğŸš€ğŸš€
96,Can't Stop,elliot.esposito,['Red Hot Chili Peppers'],5sB0ax3cmVacFjgkZMLPWx,Ironhack ğŸš€ğŸš€ğŸš€
97,Time To Give,elliot.esposito,['White Lies'],5sB0ax3cmVacFjgkZMLPWx,Ironhack ğŸš€ğŸš€ğŸš€
98,I Will Wait,elliot.esposito,['Mumford & Sons'],5sB0ax3cmVacFjgkZMLPWx,Ironhack ğŸš€ğŸš€ğŸš€
99,Are You Gonna Be My Girl,copia002,['Jet'],5sB0ax3cmVacFjgkZMLPWx,Ironhack ğŸš€ğŸš€ğŸš€
100,Are You Gonna Be My Girl,copia002,['Jet'],5sB0ax3cmVacFjgkZMLPWx,Ironhack ğŸš€ğŸš€ğŸš€
101,Una Lluna a l'Aigua,copia002,['Txarango'],5sB0ax3cmVacFjgkZMLPWx,Ironhack ğŸš€ğŸš€ğŸš€
102,Quimbara,copia002,"['Celia Cruz', 'Johnny Pacheco']",5sB0ax3cmVacFjgkZMLPWx,Ironhack ğŸš€ğŸš€ğŸš€
103,Ca plane pour moi,copia002,['Plastic Bertrand'],5sB0ax3cmVacFjgkZMLPWx,Ironhack ğŸš€ğŸš€ğŸš€
104,Magalenha,copia002,['SÃ©rgio Mendes'],5sB0ax3cmVacFjgkZMLPWx,Ironhack ğŸš€ğŸš€ğŸš€
105,Pais Tropical / ArerÃª / Taj Mahal - Ao Vivo,copia002,['Ivete Sangalo'],5sB0ax3cmVacFjgkZMLPWx,Ironhack ğŸš€ğŸš€ğŸš€
106,Like An American,copia002,['Vistas'],5sB0ax3cmVacFjgkZMLPWx,Ironhack ğŸš€ğŸš€ğŸš€
107,Swim For Your Life,copia002,['The Pale White'],5sB0ax3cmVacFjgkZMLPWx,Ironhack ğŸš€ğŸš€ğŸš€
108,Black is Black,copia002,['Los Bravos'],5sB0ax3cmVacFjgkZMLPWx,Ironhack ğŸš€ğŸš€ğŸš€
109,Trasegando,copia002,['Marea'],5sB0ax3cmVacFjgkZMLPWx,Ironhack ğŸš€ğŸš€ğŸš€
110,Swagger,copia002,['Flogging Molly'],5sB0ax3cmVacFjgkZMLPWx,Ironhack ğŸš€ğŸš€ğŸš€
111,Mil pasos,copia002,['Soha'],5sB0ax3cmVacFjgkZMLPWx,Ironhack ğŸš€ğŸš€ğŸš€
112,Johnny B. Goode,copia002,['Chuck Berry'],5sB0ax3cmVacFjgkZMLPWx,Ironhack ğŸš€ğŸš€ğŸš€
113,Blitzkrieg Bop - 2016 Remaster,copia002,['Ramones'],5sB0ax3cmVacFjgkZMLPWx,Ironhack ğŸš€ğŸš€ğŸš€
114,Whiskey In The Jar,copia002,['Metallica'],5sB0ax3cmVacFjgkZMLPWx,Ironhack ğŸš€ğŸš€ğŸš€
115,Get Away,copia002,['Circa Waves'],5sB0ax3cmVacFjgkZMLPWx,Ironhack ğŸš€ğŸš€ğŸš€
116,Run (feat. Lady Leshurr),copia002,"['Tiggs Da Author', 'Lady Leshurr']",5sB0ax3cmVacFjgkZMLPWx,Ironhack ğŸš€ğŸš€ğŸš€
117,Barbara Ann - 2001 Digital Remaster;U.K. Remaster,copia002,['The Beach Boys'],5sB0ax3cmVacFjgkZMLPWx,Ironhack ğŸš€ğŸš€ğŸš€
118,It's Time,copia002,['Imagine Dragons'],5sB0ax3cmVacFjgkZMLPWx,Ironhack ğŸš€ğŸš€ğŸš€
119,I Want You So Hard (Boy's Bad News),copia002,['Eagles Of Death Metal'],5sB0ax3cmVacFjgkZMLPWx,Ironhack ğŸš€ğŸš€ğŸš€
120,Volando Voy,copia002,['Camaron De La Isla'],5sB0ax3cmVacFjgkZMLPWx,Ironhack ğŸš€ğŸš€ğŸš€
121,Que Electricidad,copia002,['Carlos Sadness'],5sB0ax3cmVacFjgkZMLPWx,Ironhack ğŸš€ğŸš€ğŸš€
122,Hacerte Volar,copia002,['Lori Meyers'],5sB0ax3cmVacFjgkZMLPWx,Ironhack ğŸš€ğŸš€ğŸš€
123,Mira cÃ³mo vuelo,copia002,['Miss Caffeina'],5sB0ax3cmVacFjgkZMLPWx,Ironhack ğŸš€ğŸš€ğŸš€
124,1932,copia002,['La Maravillosa Orquesta del Alcohol'],5sB0ax3cmVacFjgkZMLPWx,Ironhack ğŸš€ğŸš€ğŸš€
125,ExtraÃ±o Regalo,copia002,['IZAL'],5sB0ax3cmVacFjgkZMLPWx,Ironhack ğŸš€ğŸš€ğŸš€
126,Duende garrapata,copia002,['Los Delinquentes'],5sB0ax3cmVacFjgkZMLPWx,Ironhack ğŸš€ğŸš€ğŸš€
127,Summer Time,copia002,['Vybz Kartel'],5sB0ax3cmVacFjgkZMLPWx,Ironhack ğŸš€ğŸš€ğŸš€
128,Island Song,copia002,['Zac Brown Band'],5sB0ax3cmVacFjgkZMLPWx,Ironhack ğŸš€ğŸš€ğŸš€
129,If You Wanna,copia002,['The Vaccines'],5sB0ax3cmVacFjgkZMLPWx,Ironhack ğŸš€ğŸš€ğŸš€
130,Summer Vibe,copia002,['Walk Off the Earth'],5sB0ax3cmVacFjgkZMLPWx,Ironhack ğŸš€ğŸš€ğŸš€
131,Lets Go Surfing,copia002,['The Drums'],5sB0ax3cmVacFjgkZMLPWx,Ironhack ğŸš€ğŸš€ğŸš€
132,Brown Eyed Girl,copia002,['Van Morrison'],5sB0ax3cmVacFjgkZMLPWx,Ironhack ğŸš€ğŸš€ğŸš€
133,Alright,copia002,['Supergrass'],5sB0ax3cmVacFjgkZMLPWx,Ironhack ğŸš€ğŸš€ğŸš€
134,New Shoes,copia002,['Paolo Nutini'],5sB0ax3cmVacFjgkZMLPWx,Ironhack ğŸš€ğŸš€ğŸš€
135,Smokin the Boys,copia002,['Audra Mae & The Almighty Sound'],5sB0ax3cmVacFjgkZMLPWx,Ironhack ğŸš€ğŸš€ğŸš€
136,Start Me Up - Remastered,copia002,['The Rolling Stones'],5sB0ax3cmVacFjgkZMLPWx,Ironhack ğŸš€ğŸš€ğŸš€
137,Seven Nation Army,copia002,['The White Stripes'],5sB0ax3cmVacFjgkZMLPWx,Ironhack ğŸš€ğŸš€ğŸš€
138,Reptilia,copia002,['The Strokes'],5sB0ax3cmVacFjgkZMLPWx,Ironhack ğŸš€ğŸš€ğŸš€
139,Safari Song,copia002,['Greta Van Fleet'],5sB0ax3cmVacFjgkZMLPWx,Ironhack ğŸš€ğŸš€ğŸš€
140,"My Way, Soon",copia002,['Greta Van Fleet'],5sB0ax3cmVacFjgkZMLPWx,Ironhack ğŸš€ğŸš€ğŸš€
141,Last Nite,copia002,['The Strokes'],5sB0ax3cmVacFjgkZMLPWx,Ironhack ğŸš€ğŸš€ğŸš€
142,Barquito,11152374629,"['Tito ""El Bambino""']",5sB0ax3cmVacFjgkZMLPWx,Ironhack ğŸš€ğŸš€ğŸš€
143,ObsesiÃ³n (Tropical Family) [Spanish Version],11152374629,"['Lucenzo', 'Kenza Farah']",5sB0ax3cmVacFjgkZMLPWx,Ironhack ğŸš€ğŸš€ğŸš€
144,JÃ¡ Sei Namorar - 2004 Digital Remaster,11152374629,['Tribalistas'],5sB0ax3cmVacFjgkZMLPWx,Ironhack ğŸš€ğŸš€ğŸš€
145,No es mi primera vez,11152374629,['Deluxe'],5sB0ax3cmVacFjgkZMLPWx,Ironhack ğŸš€ğŸš€ğŸš€
146,There Is a Light That Never Goes Out - 2011 Remaster,11152374629,['The Smiths'],5sB0ax3cmVacFjgkZMLPWx,Ironhack ğŸš€ğŸš€ğŸš€
147,Everyday Is Like Sunday - 2011 Remaster,11152374629,['Morrissey'],5sB0ax3cmVacFjgkZMLPWx,Ironhack ğŸš€ğŸš€ğŸš€
148,Wild Horses,11152374629,['The Rolling Stones'],5sB0ax3cmVacFjgkZMLPWx,Ironhack ğŸš€ğŸš€ğŸš€
149,Thunderstruck,11152374629,['AC/DC'],5sB0ax3cmVacFjgkZMLPWx,Ironhack ğŸš€ğŸš€ğŸš€
150,Helplessness Blues,11152374629,['Fleet Foxes'],5sB0ax3cmVacFjgkZMLPWx,Ironhack ğŸš€ğŸš€ğŸš€
151,Taper Jean Girl,11152374629,['Kings of Leon'],5sB0ax3cmVacFjgkZMLPWx,Ironhack ğŸš€ğŸš€ğŸš€
152,A Cualquier Otra Parte,11152374629,['Dorian'],5sB0ax3cmVacFjgkZMLPWx,Ironhack ğŸš€ğŸš€ğŸš€
153,Club de fans de John Boy,11152374629,['Love of Lesbian'],5sB0ax3cmVacFjgkZMLPWx,Ironhack ğŸš€ğŸš€ğŸš€
154,Song 2,11152374629,['Blur'],5sB0ax3cmVacFjgkZMLPWx,Ironhack ğŸš€ğŸš€ğŸš€
155,Perfect Day,11152374629,['Lou Reed'],5sB0ax3cmVacFjgkZMLPWx,Ironhack ğŸš€ğŸš€ğŸš€
156,Sexy And I Know It,11152374629,['LMFAO'],5sB0ax3cmVacFjgkZMLPWx,Ironhack ğŸš€ğŸš€ğŸš€
157,So payaso,11152374629,['Extremoduro'],5sB0ax3cmVacFjgkZMLPWx,Ironhack ğŸš€ğŸš€ğŸš€
158,Cuando te conocÃ­,11152374629,['AndrÃ©s Calamaro'],5sB0ax3cmVacFjgkZMLPWx,Ironhack ğŸš€ğŸš€ğŸš€
159,Little Talks,11152374629,['Of Monsters and Men'],5sB0ax3cmVacFjgkZMLPWx,Ironhack ğŸš€ğŸš€ğŸš€
160,1979,11152374629,['The Smashing Pumpkins'],5sB0ax3cmVacFjgkZMLPWx,Ironhack ğŸš€ğŸš€ğŸš€
161,Dang! (feat. Anderson .Paak),1123496580,"['Mac Miller', 'Anderson .Paak']",5sB0ax3cmVacFjgkZMLPWx,Ironhack ğŸš€ğŸš€ğŸš€
162,PerchÃ© piangi Palermo,1123496580,"[""Dov'Ã¨ Liana""]",5sB0ax3cmVacFjgkZMLPWx,Ironhack ğŸš€ğŸš€ğŸš€
163,Ithaca,1123496580,['Beatenberg'],5sB0ax3cmVacFjgkZMLPWx,Ironhack ğŸš€ğŸš€ğŸš€
164,Keep Moving,1123496580,['Jungle'],5sB0ax3cmVacFjgkZMLPWx,Ironhack ğŸš€ğŸš€ğŸš€
165,Intro,1123496580,['The xx'],5sB0ax3cmVacFjgkZMLPWx,Ironhack ğŸš€ğŸš€ğŸš€
166,I Fall In Love Too Easily,baccandres,['Chet Baker'],5sB0ax3cmVacFjgkZMLPWx,Ironhack ğŸš€ğŸš€ğŸš€
167,"Tu Si Quieres, Tu No Quieres",21vw5u6wowte2ddqw3gsool2q,['Omega'],5sB0ax3cmVacFjgkZMLPWx,Ironhack ğŸš€ğŸš€ğŸš€
168,To My Love - Tainy Remix,21vw5u6wowte2ddqw3gsool2q,"['Bomba EstÃ©reo', 'Tainy']",5sB0ax3cmVacFjgkZMLPWx,Ironhack ğŸš€ğŸš€ğŸš€
169,Is It True,21vw5u6wowte2ddqw3gsool2q,['Tame Impala'],5sB0ax3cmVacFjgkZMLPWx,Ironhack ğŸš€ğŸš€ğŸš€
170,The Adults Are Talking,21vw5u6wowte2ddqw3gsool2q,['The Strokes'],5sB0ax3cmVacFjgkZMLPWx,Ironhack ğŸš€ğŸš€ğŸš€
171,Brianstorm,21vw5u6wowte2ddqw3gsool2q,['Arctic Monkeys'],5sB0ax3cmVacFjgkZMLPWx,Ironhack ğŸš€ğŸš€ğŸš€
172,Innerbloom,1123496580,['RÃœFÃœS DU SOL'],5sB0ax3cmVacFjgkZMLPWx,Ironhack ğŸš€ğŸš€ğŸš€
173,Left Hand Free,1123496580,['alt-J'],5sB0ax3cmVacFjgkZMLPWx,Ironhack ğŸš€ğŸš€ğŸš€
174,Good Times,lm3nw07nc8ibzjy9d2c43870v,['CHIC'],5sB0ax3cmVacFjgkZMLPWx,Ironhack ğŸš€ğŸš€ğŸš€
175,I'll Fight,aky8zqi734ksim2kh7e5sfn90,['Wilco'],5sB0ax3cmVacFjgkZMLPWx,Ironhack ğŸš€ğŸš€ğŸš€
176,Get Lucky (feat. Pharrell Williams & Nile Rodgers) - Radio Edit,lm3nw07nc8ibzjy9d2c43870v,"['Daft Punk', 'Pharrell Williams', 'Nile Rodgers']",5sB0ax3cmVacFjgkZMLPWx,Ironhack ğŸš€ğŸš€ğŸš€
177,Say Something,lm3nw07nc8ibzjy9d2c43870v,"['A Great Big World', 'Christina Aguilera']",5sB0ax3cmVacFjgkZMLPWx,Ironhack ğŸš€ğŸš€ğŸš€
178,La Ãºltima atrocidad,aky8zqi734ksim2kh7e5sfn90,"['Nacho Vegas', 'Cristina Martinez']",5sB0ax3cmVacFjgkZMLPWx,Ironhack ğŸš€ğŸš€ğŸš€
179,Friday I'm In Love,06uk7op5esy3r1syhomrkoisw,['The Cure'],5sB0ax3cmVacFjgkZMLPWx,Ironhack ğŸš€ğŸš€ğŸš€
180,Relax,lm3nw07nc8ibzjy9d2c43870v,['Frankie Goes To Hollywood'],5sB0ax3cmVacFjgkZMLPWx,Ironhack ğŸš€ğŸš€ğŸš€
181,Mazas y Catapultas,aky8zqi734ksim2kh7e5sfn90,"['Kase.O', 'RozalÃ©n']",5sB0ax3cmVacFjgkZMLPWx,Ironhack ğŸš€ğŸš€ğŸš€
182,Love You Till Tuesday,06uk7op5esy3r1syhomrkoisw,['David Bowie'],5sB0ax3cmVacFjgkZMLPWx,Ironhack ğŸš€ğŸš€ğŸš€
183,Tiburon,lm3nw07nc8ibzjy9d2c43870v,['Proyecto Uno'],5sB0ax3cmVacFjgkZMLPWx,Ironhack ğŸš€ğŸš€ğŸš€
184,Magic Dance,06uk7op5esy3r1syhomrkoisw,['David Bowie'],5sB0ax3cmVacFjgkZMLPWx,Ironhack ğŸš€ğŸš€ğŸš€
185,Born To Hand Jive - From â€œGreaseâ€,lm3nw07nc8ibzjy9d2c43870v,['Sha Na Na'],5sB0ax3cmVacFjgkZMLPWx,Ironhack ğŸš€ğŸš€ğŸš€
186,Blue (Da Ba Dee),lm3nw07nc8ibzjy9d2c43870v,['Hit The Electro Beat'],5sB0ax3cmVacFjgkZMLPWx,Ironhack ğŸš€ğŸš€ğŸš€
187,If Ever I Would Leave You,lm3nw07nc8ibzjy9d2c43870v,['Robert Goulet'],5sB0ax3cmVacFjgkZMLPWx,Ironhack ğŸš€ğŸš€ğŸš€
